BioSample,Run*
SAMEA3542240,ERR1021714,ERR1021715,ERR1021716,ERR1021717,ERR1021718,ERR1021719,ERR1021720,ERR1021721,ERR1021722,ERR1021723,ERR1021724,ERR1021725,ERR1021726,ERR1021727,ERR1021728,ERR1021729,ERR1021730,ERR1021819
SAMEA3498889,ERR978605,ERR979792
SAMEA3498585,ERR979414,ERR979415,ERR979416,ERR979417,ERR979418,ERR979419,ERR979420,ERR979422,ERR979423,ERR979424,ERR979425,ERR979427,ERR979428,ERR979429,ERR979430,ERR979431,ERR979432,ERR979433,ERR979434,ERR979435,ERR979436,ERR979437,ERR979438,ERR979439,ERR979441,ERR979442,ERR979443,ERR979444,ERR979446,ERR979447,ERR979448,ERR982714,ERR979421,ERR979426,ERR979440,ERR979445
SAMN02570037,SRR1167045,SRR1167030,SRR1167031,SRR1167890,SRR1167257
SAMEA3542237,ERR1021663,ERR1021664,ERR1021665,ERR1021666,ERR1021667,ERR1021668,ERR1021669,ERR1021670,ERR1021671,ERR1021672,ERR1021673,ERR1021674,ERR1021675,ERR1021676,ERR1021677,ERR1021678,ERR1021679,ERR1021816
SAMN01057171,SRR527803,SRR527804,SRR527805,SRR527806,SRR527807,SRR527809
SAMN03009556,SRR1564426,SRR1564427
SAMEA3498584,ERR979694,ERR979695,ERR979696,ERR979697,ERR979698,ERR979699,ERR979700,ERR979701,ERR979702,ERR979703,ERR979706,ERR979707,ERR979708,ERR979709,ERR979710,ERR979711,ERR979712,ERR979713,ERR979714,ERR979715,ERR979716,ERR979717,ERR982713,ERR979704,ERR979705,ERR979693
SAMEA3498899,ERR979785,ERR978597
SAMEA3498586,ERR979379,ERR979380,ERR979381,ERR979382,ERR979383,ERR979384,ERR979385,ERR979386,ERR979387,ERR979388,ERR979389,ERR979390,ERR979391,ERR979392,ERR979393,ERR979396,ERR979397,ERR979398,ERR979399,ERR979400,ERR979401,ERR979402,ERR979403,ERR979405,ERR979406,ERR979407,ERR979408,ERR979409,ERR979410,ERR979411,ERR979412,ERR979413,ERR982715,ERR979394,ERR979395,ERR979404
SAMEA3498898,ERR978599,ERR979787
SAMEA3542244,ERR1021782,ERR1021783,ERR1021784,ERR1021785,ERR1021786,ERR1021787,ERR1021788,ERR1021789,ERR1021790,ERR1021791,ERR1021792,ERR1021793,ERR1021794,ERR1021795,ERR1021796,ERR1021797,ERR1021798,ERR1021823
SAMEA3542241,ERR1021731,ERR1021732,ERR1021733,ERR1021734,ERR1021735,ERR1021736,ERR1021737,ERR1021738,ERR1021739,ERR1021740,ERR1021741,ERR1021742,ERR1021743,ERR1021744,ERR1021745,ERR1021746,ERR1021747,ERR1021820
SAMEA3498888,ERR978603,ERR979791,ERR978604
SAMEA3498892,ERR978601,ERR979789
SAMN02570036,SRR1167108,SRR1167109,SRR1167893
SAMN01057173,SRR527799,SRR527800,SRR527801,SRR527802,SRR527825,SRR527519,SRR527520,SRR527521,SRR527527,SRR527528
SAMEA3542245,ERR1021799,ERR1021800,ERR1021801,ERR1021802,ERR1021803,ERR1021804,ERR1021805,ERR1021806,ERR1021807,ERR1021808,ERR1021809,ERR1021810,ERR1021811,ERR1021812,ERR1021813,ERR1021814,ERR1021815,ERR1021824
SAMEA3498890,ERR978606,ERR979793
SAMEA3542242,ERR1021748,ERR1021749,ERR1021750,ERR1021751,ERR1021752,ERR1021753,ERR1021754,ERR1021755,ERR1021756,ERR1021757,ERR1021758,ERR1021759,ERR1021760,ERR1021761,ERR1021762,ERR1021763,ERR1021764,ERR1021821
SAMEA3498590,ERR979658,ERR979659,ERR979660,ERR979661,ERR979662,ERR979663,ERR979664,ERR979665,ERR979666,ERR979667,ERR979668,ERR979669,ERR979670,ERR979671,ERR979672,ERR979673,ERR979674,ERR979675,ERR979676,ERR979677,ERR979679,ERR979680,ERR979681,ERR979682,ERR979683,ERR979685,ERR979686,ERR979687,ERR979688,ERR979689,ERR979690,ERR979692,ERR982718,ERR979684,ERR979691,ERR979678
SAMN02570038,SRR1167049,SRR1167050,SRR1167048,SRR1167258
SAMEA3498587,ERR979309,ERR979310,ERR979311,ERR979312,ERR979313,ERR979314,ERR979315,ERR979316,ERR979318,ERR979319,ERR979320,ERR979321,ERR979322,ERR979323,ERR979324,ERR979325,ERR979326,ERR979327,ERR979328,ERR979329,ERR979330,ERR979331,ERR979332,ERR979334,ERR979335,ERR979336,ERR979337,ERR979338,ERR979339,ERR979340,ERR979342,ERR979343,ERR982708,ERR979317,ERR979333,ERR979341
SAMN02570035,SRR1167052,SRR1167053,SRR1167093,SRR1167891,SRR1167892
SAMEA3498897,ERR978602,ERR979790
SAMEA3498894,ERR978607,ERR979794
SAMN03009553,SRR1564419,SRR1564421
SAMN01057170,SRR526907,SRR526908,SRR526909,SRR516104
SAMEA3542239,ERR1021697,ERR1021698,ERR1021699,ERR1021700,ERR1021701,ERR1021702,ERR1021703,ERR1021704,ERR1021705,ERR1021706,ERR1021707,ERR1021708,ERR1021709,ERR1021710,ERR1021711,ERR1021712,ERR1021713,ERR1021818
SAMEA3498582,ERR979344,ERR979345,ERR979346,ERR979347,ERR979348,ERR979349,ERR979350,ERR979351,ERR979352,ERR979353,ERR979354,ERR979357,ERR979358,ERR979359,ERR979360,ERR979361,ERR979362,ERR979363,ERR979364,ERR979365,ERR979366,ERR979367,ERR979368,ERR979369,ERR979370,ERR979371,ERR979372,ERR979373,ERR979374,ERR979375,ERR979376,ERR979377,ERR979378,ERR982704,ERR979355,ERR979356
SAMEA3542243,ERR1021765,ERR1021766,ERR1021767,ERR1021768,ERR1021769,ERR1021770,ERR1021771,ERR1021772,ERR1021773,ERR1021774,ERR1021775,ERR1021776,ERR1021777,ERR1021778,ERR1021779,ERR1021780,ERR1021781,ERR1021822
SAMEA3498895,ERR978598,ERR979786
SAMEA3498589,ERR979485,ERR979486,ERR979487,ERR979488,ERR979489,ERR979490,ERR979491,ERR979492,ERR979494,ERR979495,ERR979496,ERR979498,ERR979499,ERR979500,ERR979501,ERR979502,ERR979503,ERR979504,ERR979505,ERR979506,ERR979507,ERR979508,ERR979509,ERR979510,ERR979511,ERR979512,ERR979513,ERR979514,ERR979515,ERR979516,ERR979518,ERR982717,ERR979484,ERR979493,ERR979497,ERR979517
SAMEA3542238,ERR1021680,ERR1021681,ERR1021682,ERR1021683,ERR1021684,ERR1021685,ERR1021686,ERR1021687,ERR1021688,ERR1021689,ERR1021690,ERR1021691,ERR1021692,ERR1021693,ERR1021694,ERR1021695,ERR1021696,ERR1021817
SAMEA3498893,ERR979788,ERR978600
